PIDN,JmEfIxOL
ELEV,1.3146992921829199
REF2,-0.63079780340194702
BSAN,-0.76086956262588501
LSTN,-0.98897689580917403
Infrared01,0.173816
Infrared02,0.040789999999999993
Infrared03,1.3066739999999999
Infrared04,1.7843200000000001
Infrared05,1.2696399999999999
